source,destination
/ca/activities/crea-la-teva-propia-cervesa,/ca/team-building/crea-la-teva-propia-cervesa
/ca/activities/crea-la-teva-propia-cervesa/,/ca/team-building/crea-la-teva-propia-cervesa
/ca/activities/creeu-la-vostra-pròpia-cançó,/ca/team-building
/ca/activities/iniciació-al-skate,/ca/team-building
/ca/activities/masterchef/,/ca/team-building/masterchef-per-empreses
/ca/destinacions/,/ca/viatges-de-receptiu
/ca/esdeveniments/,/ca/projectes
/ca/esdeveniments/convencio-corporativa/,/ca/esdeveniments-corporatius
/ca/esdeveniments/el-gran-gatsby/,/ca/projectes/els-felicos-anys-vint
/ca/esdeveniments/espectacle-de-flamenc/,/ca/festes-corporatives
/ca/esdeveniments/festa-eivissenca/,/ca/projectes/festa-eivissenca
/ca/esdeveniments/llancament-de-productes/,/ca/projectes/llancament-de-producte
/ca/esdeveniments/pool-party/,/ca/festes-corporatives
/ca/esdeveniments/programa-d-incentius/,/ca/viatges-de-receptiu
/ca/esdeveniments/som-100/,/ca/festes-corporatives
/ca/esdeveniments/sopar-i-festa-de-nadal/,/ca/projectes/una-festa-de-nadal-de-conte
/ca/home,/ca
/ca/link,/ca
/ca/team-building/assassinat-a-la-mansio,/ca/team-building/cerca-del-tresor
/ca/team-building/carrera-d-andromines/,
/ca/team-building/carrera-d-obstacles,/ca/team-building/gimcana-de-coordinacio
/ca/team-building/cerca-del-tresor-l-atracador/,/ca/team-building/cerca-del-tresor
/ca/team-building/construccio-d-avions/,
/ca/team-building/cos-i-ment/,/ca/team-building
/ca/team-building/crea-la-teva-propia-cervesa/,
/ca/team-building/crear-el-teu-propi-monoleg/,/ca/team-building
/ca/team-building/creativitat-amb-grafitis/,/ca/team-building/taller-de-grafiti
/ca/team-building/creeu-la-vostra-propia-canco/,/ca/team-building
/ca/team-building/desafiament-quiz-trivial/,/ca/team-building
/ca/team-building/dibuix-de-guernica/,/ca/team-building/sessions-de-dibuix
/ca/team-building/dragon-boat/,/ca/team-building
/ca/team-building/el-testament-de-mr-collins/,/ca/team-building
/ca/team-building/emergencia-nuclear/,/ca/team-building
/ca/team-building/fent-pinya/,/ca/team-building
/ca/team-building/gines-el-gangster/,/ca/team-building/el-gangster
/ca/team-building/gines-la-gangster/,/ca/team-building/el-gangster
/ca/team-building/humor-amarillo/,
/ca/team-building/joc-de-trons/,/ca/team-building
/ca/team-building/llums-camera-i-accio,/ca/team-building
/ca/team-building/masterchef/,/ca/team-building/masterchef-per-empreses
/ca/team-building/olimpiades-a-la-platja/,
/ca/team-building/orientacio-a-muntanya/,/ca/team-building/gimcana-d-orientacio
/ca/team-building/raid-de-supervivencia/,
/ca/team-building/raquetes-de-neu/,/ca/team-building
/ca/team-building/room-escape-personalitzats/,
/ca/team-building/taller-de-batucada/,
/ca/team-building/taller-de-risoterapia/,
/ca/team-building/taller-de-trencadis/,/ca/team-building/taller-de-mosaic-i-trencadis
/en/activities/beach-olympics-challenge,/en/team-building/beach-olympics-challenge
/en/activities/beach-olympics-challenge/,/en/team-building/beach-olympics-challenge
/en/activities/laughter-therapy-workshops,/en/team-building/laughter-therapy-workshop
/en/activities/mountain-orientation,/en/team-building/orienteering-challenge
/en/activities/mountain-orientation/,/en/team-building/orienteering-challenge
/en/activities/takeshi-s-castle-challenges,/en/team-building/takeshi-s-castle-challenge
/en/activities/takeshi-s-castle-challenges/,/en/team-building/takeshi-s-castle-challenge
/en/activities/trencadis-workshop,/en/team-building/mosaic-and-trencadis-workshop
/en/activities/trencadis-workshop/,/en/team-building/mosaic-and-trencadis-workshop
/en/events,/en/projects
/en/events/christmas-parties/,/en/projects/a-christmas-tale
/en/events/corporate-convention/,/en/business-events
/en/events/flamenco-show/,/en/corporative-parties
/en/events/ibiza-party/,/en/projects/ibiza-themed-party
/en/events/incentives-barcelona/,/en/receptive-trips
/en/events/pool-party/,/en/corporative-parties
/en/events/product-s-release/,/en/projects/product-launch-event
/en/events/the-great-gatsby/,/en/projects/roaring-20s
/en/events/we-are-100/,/en/corporative-parties
/en/home,/en
/en/team-building/batucada-workshop/,
/en/team-building/beach-olympics-challenge/,
/en/team-building/building-up-towers/,/en/team-building/
/en/team-building/creativity-with-graffiti/,/en/team-building/graffiti-workshop
/en/team-building/dragon-boat/,/en/team-building/
/en/team-building/game-of-thrones/,/en/team-building/
/en/team-building/gines-the-gangster-city-escape-game/,/en/team-building/the-gangster-escape-game
/en/team-building/guernica-drawing/,/en/team-building/drawing-sessions
/en/team-building/hive-mind/,/en/team-building/
/en/team-building/laughter-therapy-workshops/,/en/team-building/laughter-therapy-workshop
/en/team-building/lights-camera-action,/en/team-building
/en/team-building/make-your-own-custom-beer/,/en/team-building/the-craft-beer-workshop
/en/team-building/masterchef/,/en/team-building/masterchef-workshop
/en/team-building/mountain-orientation/,/en/team-building/orienteering-challenge
/en/team-building/murder-mystery-game/,/en/team-building/
/en/team-building/nuclear-emergency/,/en/team-building/
/en/team-building/perform-your-own-comedy-set/,/en/team-building
/en/team-building/plane-flying-challenge/,/en/team-building/the-plane-flying-challenge
/en/team-building/snowshoe-hikes/,/en/team-building/
/en/team-building/survival-game/,
/en/team-building/takeshi-s-castle-challenges/,/en/team-building/takeshi-s-castle-challenge
/en/team-building/the-vintage-wacky-races/,
/en/team-building/treasure-hunt-the-bankrobber-route/,/en/team-building/treasure-hunt-barcelona
/en/team-building/trencadis-workshop/,/en/team-building/mosaic-and-trencadis-workshop
/en/team-building/trivial-quiz-challenge/,/en/team-building/
/es/activities/braingaming/,/es/proyectos
/es/activities/carrera-de-autos-locos/,/es/team-building/carrera-de-autos-locos
/es/activities/crear-vuestra-propia-cancion/,/es/proyectos
/es/activities/creatividad-con-grafitis,/es/team-building/taller-de-grafiti
/es/activities/degustación-de-las-joyas-del-mar,/es/team-building
/es/activities/dragon-boat/,/es/team-building
/es/activities/masterchef/,/es/team-building/masterchef-para-empresas
/es/activities/olimpiadas-en-la-playa,/es/team-building/olimpiadas-en-la-playa
/es/activities/orientacion-en-montana,/es/team-building/gincana-de-orientacion
/es/activities/paseo-en-catamarán,/es/team-building
/es/activities/raid-de-supervivencia/,/es/team-building/raid-de-supervivencia
/es/activities/room-escape-personalizados/,/es/team-building/room-escape-personalizados
/es/activities/taller-de-mosaico-trencadis,/es/team-building/taller-de-mosaico-y-trencadis
/es/activities/taller-de-mosaico-trencadis/,/es/team-building/taller-de-mosaico-y-trencadis
/es/blog/2017/06/10/dise%C3%B1amos-y-producimos-un-team-building-original.html,/es/blog/2017/06/10/disenamos-y-producimos-un-room-escape-personalizado
/es/blog/2017/06/13/Catalunya-para%C3%ADso-gastron%C3%B3mico.html,/es/blog/2017/06/13/catalunya-paraiso-gastronomico
/es/blog/2019/03/05/hoteles-why-not.html,/es/blog
/es/blog/2020/03/09/color-pantone-2020-classic-blue-reason-why.html,/es/blog
/es/blog/2021/11/18/takeshi-castle-a-great-activity-for-team-building.html,/es/blog/2021/11/18/humor-amarillo
/es/eventos,/es/proyectos
/es/eventos/cena-i-fiesta-de-navidad,/es/proyectos/una-fiesta-de-navidad-de-cuento
/es/eventos/cena-i-fiesta-de-navidad/,/es/proyectos/una-fiesta-de-navidad-de-cuento
/es/eventos/cena-y-fiesta-de-navidad/,/es/proyectos/una-fiesta-de-navidad-de-cuento
/es/eventos/convencion-corporativa/,/es/eventos-corporativos
/es/eventos/el-gran-gatsby/,/es/proyectos/los-felices-anos-veinte
/es/eventos/fiesta-ibicenca/,/es/proyectos/fiesta-ibicenca
/es/eventos/flamenco-en-estado-puro/,/es/fiestas-corporativas
/es/eventos/lanzamiento-de-productos/,/es/proyectos/lanzamiento-de-producto
/es/eventos/pool-party/,/es/fiestas-corporativas
/es/eventos/programa-de-incentivos/,/es/viajes-de-receptivo
/es/eventos/somos-100/,/es/fiestas-corporativas
/es/home,/es
/es/team-building/batucada-team-building/,
/es/team-building/busqueda-del-tesoro-el-atracador/,/es/team-building/busqueda-del-tesoro
/es/team-building/carrera-de-autos-locos/,
/es/team-building/carrera-de-obsta-culos/,/es/team-building/gincana-coordinacion
/es/team-building/cluedo-en-vivo-el-testamento-de-mr-collins/,/es/team-building
/es/team-building/construccion-de-aviones/,
/es/team-building/creatividad-con-grafitis/,/es/team-building/taller-de-grafiti
/es/team-building/cuerpo-y-mente/,/es/team-building
/es/team-building/desafio-quiz-trivial/,/es/team-building
/es/team-building/dibujo-guernica/,/es/team-building/sesiones-de-dibujo
/es/team-building/dragon-boat/,/es/team-building
/es/team-building/emergencia-nuclear/,/es/team-building
/es/team-building/gines-el-ganster-escape-por-barcelona/,/es/team-building/el-ganster
/es/team-building/haciendo-pina/,/es/team-building
/es/team-building/haz-tu-propia-cancion,/es/team-building
/es/team-building/humor-amarillo/,
/es/team-building/juego-de-tronos/,/es/team-building
/es/team-building/luces-camara-accion,/es/team-building
/es/team-building/masterchef/,/es/team-building/masterchef-para-empresas
/es/team-building/monologueando/,/es/team-building
/es/team-building/orientacion-en-montana/,/es/team-building/gincana-de-orientacion
/es/team-building/raid-de-supervivencia/,
/es/team-building/raquetas-de-nieve/,/es/team-building
/es/team-building/taller-de-mosaico-trencadis/,/es/team-building/taller-de-mosaico-y-trencadis
/es/blog/2018/03/01/mobile-world-congress-2018.html,
/es/blog/2018/06/01/braingaming-eres-mas-de-catan-o-de-risk.html,
/es/blog/2022/01/12/blank-paper-an-idea-we-can-help-you-to-make-it-come-true,
/es/blog/2018/06/01/braingaming-eres-mas-de-catan-o-de-risk,
/es/blog/2021/11/18/takeshi-castle-a-great-activity-for-team-building,
/es/blog/2022/01/12/blank-paper-an-idea-we-can-help-you-to-make-it-come-true.html,
/es/blog/2018/02/28/beach-games,/es/blog/2018/02/28/juegos-de-playa
/es/blog/2018/02/28/beach-games.html,/es/blog/2018/02/28/juegos-de-playa
/es/blog/2019/03/05/hoteles-why-not,
/es/blog/2018/03/10/la-capsula.html,
/es/blog/2017/08/18/avui-som-tots-barcelona.html,/es/blog/2017/08/18/hoy-somos-todos-barcelona
/es/blog/2017/08/18/avui-som-tots-barcelona,/es/blog/2017/08/18/hoy-somos-todos-barcelona
/es/blog/2018/03/10/la-capsula,
/es/blog/2017/10/31/mad-map,
/es/blog/2018/03/01/mobile-world-congress-2018,
/es/blog/2017/10/31/mad-map.html,
/es/blog/2017/11/25/barcelona-y-el-amor,
/es/blog/2017/08/17/consejos-para-organizar-un-evento-espectacular-sin-arruinarte-ni-morir-en-el-intento.html,/es/blog/2017/08/17/consejos-para-organizar-un-evento-espectacular-sin-arruinarte-ni-morir-en-el-intento
/es/blog/2017/11/25/barcelona-y-el-amor.html,
/es/blog/2019/10/06/espacios-para-navidad.html,/es/blog/2019/10/06/espacios-para-navidad
/es/blog/2017/10/26/londres-nos-encanta-esta-ciudad.html,/es/blog/2017/10/26/londres-nos-encanta-esta-ciudad
/es/activities/vive-una-experiencia-vin%C3%ADcola,/es/team-building/cata-de-vino-interactiva
/es/activities/t%C3%B3mate-un-respiro-y-rel%C3%A1jate,/es/team-building
/es/activities/taller-del-trencad%C3%ADs,/es/team-building/taller-de-mosaico-y-trencadis
/es/activities/taller-de-percusi%C3%B3n,/es/team-building/batucada-team-building
/es/activities/taller-de-mosaico-trencad%C3%ADs,/es/team-building/taller-de-mosaico-y-trencadis
/es/activities/paseo-en-catamar%C3%A1n,/es/team-building
/es/activities/orientaci%C3%B3n-en-monta%C3%B1a,/es/team-building/gincana-de-orientacion
/es/activities/orientaci%C3%93n-en-monta%C3%91a,/es/team-building/gincana-de-orientacion
/es/activities/oleoenam%C3%B3rate,/es/team-building
/es/activities/luces-c%C3%A1mara-acci%C3%B3n,/es/team-building
/es/activities/juegos-ol%C3%ADmpicos,/es/team-building/olimpiadas-en-la-playa
/es/activities/iniciaci%C3%B3n-al-skate,/es/team-building
/es/activities/iniciaci%C3%B3-al-kitesurf-bbq,/es/team-building
/es/activities/haciendo-pi%C3%B1a,/es/team-building
/es/activities/experiencia-con-un-piloto-de-competici%C3%B3n,/es/team-building
/es/activities/desaf%C3%ADo-quiz-trivial,/es/team-building
/es/activities/degustaci%C3%B3n-de-las-joyas-del-mar,/es/team-building
/es/activities/crear-vuestra-propia-canci%C3%B3n,/es/team-building
/es/activities/concurso-fotogr%C3%A1fico-por-la-ciudad-con-gocar,/es/team-building
/es/activities/cocina-un-plato-t%C3%ADpico,/es/team-building/masterchef-para-empresas
/en/activities/trencad%C3%ADs-workshop,/es/team-building/taller-de-mosaico-y-trencadis
/en/activities/oleoenam%C3%B3rate,/es/team-building
/en/activities/adrenaline-speed-experience-with-competition-pilot-jos%C3%A9-monroy,/en/team-building
/ca/activities/viu-una-experi%C3%A8ncia-vin%C3%ADcola,/ca/team-building/tast-de-vi-interactiu
/ca/activities/taller-del-trencad%C3%ADs,/ca/team-building/taller-de-mosaic-i-trencadis
/ca/activities/taller-de-trencad%C3%ADs,/ca/team-building/taller-de-mosaic-i-trencadis
/ca/activities/taller-de-risoter%C3%A0pia,/ca/team-building/taller-de-risoterapia
/ca/activities/taller-de-percussi%C3%B3,/ca/team-building/taller-de-batucada
/ca/activities/raid-de-superviv%C3%88ncia,/ca/team-building/raid-de-supervivencia
/ca/activities/passeig-amb-catamar%C3%A0,/ca/team-building
/ca/activities/orientaci%C3%B3-a-muntanya,/ca/team-building/gimcana-d-orientacio
/en/activities/creativity-with-graffiti,/en/team-building/graffiti-workshop
/en/activities/custom-room-escape,/en/team-building/custom-room-escape
/en/activities/batucada-workshop,/en/team-building/batucada-workshop
/en/activities/game-of-thrones,/en/team-building